fold,rmse,mae,r2,mape,n_trees
1,107260.2355250766,79372.86980794271,0.6753916860066246,19.943030127213703,65
2,105595.53436054723,79206.60622070312,0.6878844021300767,20.127873384014606,43
3,107926.82886964,80790.56821289062,0.6993517661239412,20.219927955651237,73
4,105256.49467716206,78369.28930989583,0.6898854177335021,19.837583875116334,100
5,105689.12387083283,79578.65323567708,0.6800739173784012,19.801585168770888,69
